<metadata xml:lang="es"><Esri><CreaDate>20150922</CreaDate><CreaTime>08134800</CreaTime><ArcGISFormat>1.0</ArcGISFormat><ArcGISstyle>FGDC CSDGM Metadata</ArcGISstyle><SyncOnce>FALSE</SyncOnce><DataProperties><itemProps><itemName Sync="TRUE">SCat</itemName><imsContentType Sync="TRUE">002</imsContentType><itemLocation><linkage Sync="TRUE">file://\\IDECWS0C1F\D$\Contenedor\Users\mbernate\Desktop\MR_1217\Migración\SHP\SCat.shp</linkage><protocol Sync="TRUE">Local Area Network</protocol></itemLocation><relatedItems><item><itemName/></item></relatedItems><itemSize Sync="TRUE">0.000</itemSize></itemProps><coordRef><type Sync="TRUE">Geographic</type><geogcsn Sync="TRUE">GCS_MAGNA</geogcsn><peXml Sync="TRUE">&lt;GeographicCoordinateSystem xsi:type='typens:GeographicCoordinateSystem' xmlns:xsi='http://www.w3.org/2001/XMLSchema-instance' xmlns:xs='http://www.w3.org/2001/XMLSchema' xmlns:typens='http://www.esri.com/schemas/ArcGIS/10.4'&gt;&lt;WKT&gt;GEOGCS[&amp;quot;GCS_MAGNA&amp;quot;,DATUM[&amp;quot;D_MAGNA&amp;quot;,SPHEROID[&amp;quot;GRS_1980&amp;quot;,6378137.0,298.257222101]],PRIMEM[&amp;quot;Greenwich&amp;quot;,0.0],UNIT[&amp;quot;Degree&amp;quot;,0.0174532925199433],AUTHORITY[&amp;quot;EPSG&amp;quot;,4686]]&lt;/WKT&gt;&lt;XOrigin&gt;-400&lt;/XOrigin&gt;&lt;YOrigin&gt;-400&lt;/YOrigin&gt;&lt;XYScale&gt;11258999068426.238&lt;/XYScale&gt;&lt;ZOrigin&gt;-100000&lt;/ZOrigin&gt;&lt;ZScale&gt;10000&lt;/ZScale&gt;&lt;MOrigin&gt;-100000&lt;/MOrigin&gt;&lt;MScale&gt;10000&lt;/MScale&gt;&lt;XYTolerance&gt;8.9831528411952133e-009&lt;/XYTolerance&gt;&lt;ZTolerance&gt;0.001&lt;/ZTolerance&gt;&lt;MTolerance&gt;0.001&lt;/MTolerance&gt;&lt;HighPrecision&gt;true&lt;/HighPrecision&gt;&lt;LeftLongitude&gt;-180&lt;/LeftLongitude&gt;&lt;WKID&gt;4686&lt;/WKID&gt;&lt;LatestWKID&gt;4686&lt;/LatestWKID&gt;&lt;/GeographicCoordinateSystem&gt;</peXml><csUnits Sync="TRUE">Angular Unit: Degree (0.017453)</csUnits></coordRef><lineage><Process ToolSource="C:\Program Files (x86)\ArcGIS\Desktop10.0\ArcToolbox\Toolboxes\Data Management Tools.tbx\CopyFeatures" Date="20150922" Time="081349">CopyFeatures D:\dagonzalez\07_MR\ENTREGA_MR_09-15\BDG\borre.gdb\Area_Catastral\SCat D:\dagonzalez\07_MR\ENTREGA_MR_09-15\BDG\MR_0915.gdb\Area_Catastral\SCat # 0 0 0</Process><Process ToolSource="c:\program files (x86)\arcgis\desktop10.1\ArcToolbox\Toolboxes\Data Management Tools.tbx\TruncateTable" Date="20160331" Time="110832">TruncateTable "D:\Contenedor PINZON\Trabajo\2016\01 MR\MR_V.03.16\04 Base de Datos\MR_0316.gdb\Area_Catastral\SCat"</Process><Process ToolSource="c:\program files (x86)\arcgis\desktop10.1\ArcToolbox\Toolboxes\Data Management Tools.tbx\TruncateTable" Date="20160712" Time="115820">TruncateTable "D:\Contenedor PINZON\Trabajo\2016\01 MR\MR_V.06.16\06 base de datos\MR_0616.gdb\Area_Catastral\SCat"</Process><Process ToolSource="c:\program files (x86)\arcgis\desktop10.1\ArcToolbox\Toolboxes\Data Management Tools.tbx\TruncateTable" Date="20161005" Time="115202">TruncateTable "D:\Contenedor PINZON\Trabajo\2016\01 MR\MR_V.09.16\06Datos\MR_0916.gdb\Area_Catastral\SCat"</Process><Process ToolSource="c:\arcgis\desktop10.4\ArcToolbox\Toolboxes\Data Management Tools.tbx\TruncateTable" Date="20170327" Time="164218">TruncateTable D:\Contenedor\Users\mbernate\Desktop\MR\MR_0317.gdb\Area_Catastral\SCat</Process><Process ToolSource="c:\arcgis\desktop10.4\ArcToolbox\Toolboxes\Data Management Tools.tbx\Append" Date="20170327" Time="164244">Append D:\Contenedor\Users\mbernate\Desktop\MR\Catastro\MR_210317.gdb\Area_Catastral\SCat SCat NO_TEST "SCaCodigo "Identificador unico del sector catastral" true true false 6 Text 0 0 ,First,#,D:\Contenedor\Users\mbernate\Desktop\MR\Catastro\MR_210317.gdb\Area_Catastral\SCat,SCaCodigo,-1,-1;SCaTipo "Tipo de sector catastral" true true false 4 Long 0 0 ,First,#,D:\Contenedor\Users\mbernate\Desktop\MR\Catastro\MR_210317.gdb\Area_Catastral\SCat,SCaTipo,-1,-1;SCaNombre "Nombre del sector catastral" true true false 60 Text 0 0 ,First,#,D:\Contenedor\Users\mbernate\Desktop\MR\Catastro\MR_210317.gdb\Area_Catastral\SCat,SCaNombre,-1,-1;SHAPE_Length "SHAPE_Length" false true true 8 Double 0 0 ,First,#,D:\Contenedor\Users\mbernate\Desktop\MR\Catastro\MR_210317.gdb\Area_Catastral\SCat,SHAPE_Length,-1,-1;SHAPE_Area "SHAPE_Area" false true true 8 Double 0 0 ,First,#,D:\Contenedor\Users\mbernate\Desktop\MR\Catastro\MR_210317.gdb\Area_Catastral\SCat,SHAPE_Area,-1,-1" #</Process><Process ToolSource="c:\program files (x86)\arcgis\desktop10.4\ArcToolbox\Toolboxes\Data Management Tools.tbx\TruncateTable" Date="20170623" Time="145918">TruncateTable "D:\MaríaBernate2013\2017\Mapa de Referencia\MR_0617\Migración\MR_0617.gdb\Area_Catastral\SCat"</Process><Process ToolSource="c:\program files (x86)\arcgis\desktop10.4\ArcToolbox\Toolboxes\Data Management Tools.tbx\Append" Date="20170623" Time="152826">Append 'D:\MaríaBernate2013\2017\Mapa de Referencia\MR_0617\Entidades\Catastro\MR_0617.gdb\Area_Catastral\SCat' "D:\MaríaBernate2013\2017\Mapa de Referencia\MR_0617\Migración\MR_0617.gdb\Area_Catastral\SCat" NO_TEST "SCaCodigo "Identificador unico del sector catastral" true true false 6 Text 0 0 ,First,#,D:\MaríaBernate2013\2017\Mapa de Referencia\MR_0617\Entidades\Catastro\MR_0617.gdb\Area_Catastral\SCat,SCaCodigo,-1,-1;SCaTipo "Tipo de sector catastral" true true false 4 Long 0 0 ,First,#,D:\MaríaBernate2013\2017\Mapa de Referencia\MR_0617\Entidades\Catastro\MR_0617.gdb\Area_Catastral\SCat,SCaTipo,-1,-1;SCaNombre "Nombre del sector catastral" true true false 60 Text 0 0 ,First,#,D:\MaríaBernate2013\2017\Mapa de Referencia\MR_0617\Entidades\Catastro\MR_0617.gdb\Area_Catastral\SCat,SCaNombre,-1,-1;SHAPE_Length "SHAPE_Length" false true true 8 Double 0 0 ,First,#,D:\MaríaBernate2013\2017\Mapa de Referencia\MR_0617\Entidades\Catastro\MR_0617.gdb\Area_Catastral\SCat,SHAPE_Length,-1,-1;SHAPE_Area "SHAPE_Area" false true true 8 Double 0 0 ,First,#,D:\MaríaBernate2013\2017\Mapa de Referencia\MR_0617\Entidades\Catastro\MR_0617.gdb\Area_Catastral\SCat,SHAPE_Area,-1,-1" #</Process><Process ToolSource="c:\program files (x86)\arcgis\desktop10.4\ArcToolbox\Toolboxes\Data Management Tools.tbx\TruncateTable" Date="20171002" Time="115206">TruncateTable "D:\MaríaBernate2013\2017\Mapa de Referencia\MR_0917\Migración\MR_0917.gdb\Area_Catastral\SCat"</Process><Process ToolSource="c:\program files (x86)\arcgis\desktop10.4\ArcToolbox\Toolboxes\Data Management Tools.tbx\Append" Date="20171003" Time="094241">Append 'D:\MaríaBernate2013\2017\Mapa de Referencia\MR_0917\Entidades\Catastro\MR_250917.gdb\Area_Catastral\SCat' "D:\MaríaBernate2013\2017\Mapa de Referencia\MR_0917\Migración\MR_0917.gdb\Area_Catastral\SCat" NO_TEST "SCaCodigo "Identificador unico del sector catastral" true true false 6 Text 0 0 ,First,#,D:\MaríaBernate2013\2017\Mapa de Referencia\MR_0917\Entidades\Catastro\MR_250917.gdb\Area_Catastral\SCat,SCaCodigo,-1,-1;SCaTipo "Tipo de sector catastral" true true false 4 Long 0 0 ,First,#,D:\MaríaBernate2013\2017\Mapa de Referencia\MR_0917\Entidades\Catastro\MR_250917.gdb\Area_Catastral\SCat,SCaTipo,-1,-1;SCaNombre "Nombre del sector catastral" true true false 60 Text 0 0 ,First,#,D:\MaríaBernate2013\2017\Mapa de Referencia\MR_0917\Entidades\Catastro\MR_250917.gdb\Area_Catastral\SCat,SCaNombre,-1,-1;SHAPE_Length "SHAPE_Length" false true true 8 Double 0 0 ,First,#,D:\MaríaBernate2013\2017\Mapa de Referencia\MR_0917\Entidades\Catastro\MR_250917.gdb\Area_Catastral\SCat,SHAPE_Length,-1,-1;SHAPE_Area "SHAPE_Area" false true true 8 Double 0 0 ,First,#,D:\MaríaBernate2013\2017\Mapa de Referencia\MR_0917\Entidades\Catastro\MR_250917.gdb\Area_Catastral\SCat,SHAPE_Area,-1,-1" #</Process><Process ToolSource="c:\program files (x86)\arcgis\desktop10.4\ArcToolbox\Toolboxes\Data Management Tools.tbx\TruncateTable" Date="20180110" Time="110813">TruncateTable D:\Contenedor\Users\mbernate\Desktop\MR_1217\Migración\MR_1217.gdb\Area_Catastral\SCat</Process><Process ToolSource="c:\program files (x86)\arcgis\desktop10.4\ArcToolbox\Toolboxes\Data Management Tools.tbx\Append" Date="20180110" Time="114745">Append D:\Contenedor\Users\mbernate\Desktop\MR_1217\Entidades\UAECD\MR_201217.gdb\Area_Catastral\SCat D:\Contenedor\Users\mbernate\Desktop\MR_1217\Migración\MR_1217.gdb\Area_Catastral\SCat NO_TEST "SCaCodigo "Identificador unico del sector catastral" true true false 6 Text 0 0 ,First,#,D:\Contenedor\Users\mbernate\Desktop\MR_1217\Entidades\UAECD\MR_201217.gdb\Area_Catastral\SCat,SCaCodigo,-1,-1;SCaTipo "Tipo de sector catastral" true true false 4 Long 0 0 ,First,#,D:\Contenedor\Users\mbernate\Desktop\MR_1217\Entidades\UAECD\MR_201217.gdb\Area_Catastral\SCat,SCaTipo,-1,-1;SCaNombre "Nombre del sector catastral" true true false 60 Text 0 0 ,First,#,D:\Contenedor\Users\mbernate\Desktop\MR_1217\Entidades\UAECD\MR_201217.gdb\Area_Catastral\SCat,SCaNombre,-1,-1;SHAPE_Length "SHAPE_Length" false true true 8 Double 0 0 ,First,#,D:\Contenedor\Users\mbernate\Desktop\MR_1217\Entidades\UAECD\MR_201217.gdb\Area_Catastral\SCat,SHAPE_Length,-1,-1;SHAPE_Area "SHAPE_Area" false true true 8 Double 0 0 ,First,#,D:\Contenedor\Users\mbernate\Desktop\MR_1217\Entidades\UAECD\MR_201217.gdb\Area_Catastral\SCat,SHAPE_Area,-1,-1" #</Process><Process ToolSource="c:\program files (x86)\arcgis\desktop10.4\ArcToolbox\Toolboxes\Data Management Tools.tbx\CopyFeatures" Date="20180110" Time="120449">CopyFeatures D:\Contenedor\Users\mbernate\Desktop\MR_1217\Migración\MR_1217.gdb\Area_Catastral\SCat D:\Contenedor\Users\mbernate\Desktop\MR_1217\Migración\SHP\SCat.shp # 0 0 0</Process></lineage></DataProperties><SyncDate>20180110</SyncDate><SyncTime>12044900</SyncTime><ModDate>20180110</ModDate><ModTime>12044900</ModTime></Esri><dataIdInfo><envirDesc Sync="TRUE">Microsoft Windows 7 Version 6.1 (Build 7601) Service Pack 1; Esri ArcGIS 10.4.1.5686</envirDesc><dataLang><languageCode value="spa" country="COL"></languageCode><countryCode value="COL" Sync="TRUE"></countryCode></dataLang><idCitation><resTitle Sync="TRUE">SCat</resTitle><presForm><PresFormCd value="005"></PresFormCd></presForm></idCitation><descKeys><thesaName uuidref="723f6998-058e-11dc-8314-0800200c9a66"></thesaName><keyword Sync="TRUE">002</keyword></descKeys><spatRpType><SpatRepTypCd value="001"></SpatRepTypCd></spatRpType></dataIdInfo><mdLang><languageCode value="spa"></languageCode><countryCode value="COL" Sync="TRUE"></countryCode></mdLang><distInfo><distFormat><formatName Sync="TRUE">Shapefile</formatName></distFormat><distTranOps><transSize Sync="TRUE">0.000</transSize></distTranOps></distInfo><mdHrLv><ScopeCd value="005"></ScopeCd></mdHrLv><mdHrLvName Sync="TRUE">dataset</mdHrLvName><refSysInfo><RefSystem><refSysID><identCode code="4686"></identCode><idCodeSpace Sync="TRUE">EPSG</idCodeSpace><idVersion Sync="TRUE">7.6.4(9.2.0)</idVersion></refSysID></RefSystem></refSysInfo><spdoinfo><ptvctinf><esriterm Name="SCat"><efeatyp Sync="TRUE">Simple</efeatyp><efeageom code="4" Sync="TRUE"></efeageom><esritopo Sync="TRUE">FALSE</esritopo><efeacnt Sync="TRUE">0</efeacnt><spindex Sync="TRUE">FALSE</spindex><linrefer Sync="TRUE">FALSE</linrefer></esriterm></ptvctinf></spdoinfo><spatRepInfo><VectSpatRep><geometObjs Name="SCat"><geoObjTyp><GeoObjTypCd value="002" Sync="TRUE"></GeoObjTypCd></geoObjTyp><geoObjCnt Sync="TRUE">0</geoObjCnt></geometObjs><topLvl><TopoLevCd value="001" Sync="TRUE"></TopoLevCd></topLvl></VectSpatRep></spatRepInfo><eainfo><detailed Name="SCat"><enttyp><enttypl Sync="TRUE">SCat</enttypl><enttypt Sync="TRUE">Feature Class</enttypt><enttypc Sync="TRUE">0</enttypc></enttyp><attr><attrlabl Sync="TRUE">SHAPE</attrlabl><attalias Sync="TRUE">Shape</attalias><attrtype Sync="TRUE">Geometry</attrtype><attwidth Sync="TRUE">0</attwidth><atprecis Sync="TRUE">0</atprecis><attscale Sync="TRUE">0</attscale><attrdef Sync="TRUE">Feature geometry.</attrdef><attrdefs Sync="TRUE">ESRI</attrdefs><attrdomv><udom Sync="TRUE">Coordinates defining the features.</udom></attrdomv></attr><attr><attrlabl Sync="TRUE">SCaCodigo</attrlabl><attalias Sync="TRUE">SCaCodigo</attalias><attrtype Sync="TRUE">String</attrtype><attwidth Sync="TRUE">6</attwidth><atprecis Sync="TRUE">0</atprecis><attscale Sync="TRUE">0</attscale></attr><attr><attrlabl Sync="TRUE">SCaTipo</attrlabl><attalias Sync="TRUE">SCaTipo</attalias><attrtype Sync="TRUE">Integer</attrtype><attwidth Sync="TRUE">10</attwidth><atprecis Sync="TRUE">10</atprecis><attscale Sync="TRUE">0</attscale></attr><attr><attrlabl Sync="TRUE">FID</attrlabl><attalias Sync="TRUE">FID</attalias><attrtype Sync="TRUE">OID</attrtype><attwidth Sync="TRUE">4</attwidth><atprecis Sync="TRUE">0</atprecis><attscale Sync="TRUE">0</attscale><attrdef Sync="TRUE">Internal feature number.</attrdef><attrdefs Sync="TRUE">Esri</attrdefs><attrdomv><udom Sync="TRUE">Sequential unique whole numbers that are automatically generated.</udom></attrdomv></attr><attr><attrlabl Sync="TRUE">SCaNombre</attrlabl><attalias Sync="TRUE">SCaNombre</attalias><attrtype Sync="TRUE">String</attrtype><attwidth Sync="TRUE">60</attwidth><atprecis Sync="TRUE">0</atprecis><attscale Sync="TRUE">0</attscale></attr><attr><attrlabl Sync="TRUE">SHAPE_Area</attrlabl><attalias Sync="TRUE">SHAPE_Area</attalias><attrtype Sync="TRUE">Double</attrtype><attwidth Sync="TRUE">19</attwidth><atprecis Sync="TRUE">0</atprecis><attscale Sync="TRUE">0</attscale><attrdef Sync="TRUE">Area of feature in internal units squared.</attrdef><attrdefs Sync="TRUE">ESRI</attrdefs><attrdomv><udom Sync="TRUE">Positive real numbers that are automatically generated.</udom></attrdomv></attr><subtype><stname Sync="TRUE">Barrio</stname><stcode Sync="TRUE">0</stcode><stfield><stfldnm Sync="TRUE">SCaTipo</stfldnm><stflddv Sync="TRUE">0</stflddv></stfield></subtype><subtype><stname Sync="TRUE">Vereda</stname><stcode Sync="TRUE">1</stcode><stfield><stfldnm Sync="TRUE">SCaTipo</stfldnm><stflddv Sync="TRUE">0</stflddv></stfield></subtype><attr><attrlabl Sync="TRUE">SHAPE_Leng</attrlabl><attalias Sync="TRUE">SHAPE_Leng</attalias><attrtype Sync="TRUE">Double</attrtype><attwidth Sync="TRUE">19</attwidth><atprecis Sync="TRUE">0</atprecis><attscale Sync="TRUE">0</attscale></attr><subtype><stname Sync="TRUE">Mixto</stname><stcode Sync="TRUE">2</stcode><stfield><stfldnm Sync="TRUE">SCaTipo</stfldnm><stflddv Sync="TRUE">0</stflddv></stfield></subtype></detailed></eainfo><mdDateSt Sync="TRUE">20180110</mdDateSt></metadata>
